id,first_name,last_name,email,id_card
1,Kalila,Thies,kthies0@newyorker.com,QW32656214
2,Beverlie,Harrema,bharrema1@shinystat.com,AT07682354
3,Dorita,Gaiter,dgaiter2@whitehouse.gov,ZA83161550
4,Iolanthe,Scammell,iscammell3@dmoz.org,HE74780423
5,Wendall,Wetwood,wwetwood4@miibeian.gov.cn,NU22295352
6,Dyanne,Atlee,datlee5@zdnet.com,OY91824661
7,Orion,Bowick,obowick6@marriott.com,GW05664676
8,Bernadine,Torpie,btorpie7@nsw.gov.au,NF66835362
9,Zarla,Montfort,zmontfort8@elegantthemes.com,OL65060278
10,Reagan,Shemmans,rshemmans9@plala.or.jp,HU40754537
11,Margaretta,Rhodef,mrhodefa@webeden.co.uk,FH43771330
12,Aloise,Costall,acostallb@mozilla.com,RK21452802
13,Ethelyn,Hatherley,ehatherleyc@zimbio.com,VS43836835
14,Eula,Fills,efillsd@theguardian.com,KX66076800
15,Beilul,Baugh,bbaughe@newsvine.com,UY21215543
16,Druci,Cubitt,dcubittf@miibeian.gov.cn,HU02831914
17,Gayleen,Blant,gblantg@nasa.gov,TX80074981
18,Carolyne,Scutt,cscutth@ox.ac.uk,LA46152920
19,Sarajane,Caw,scawi@hatena.ne.jp,RU00930228
20,Abram,Storrier,astorrierj@a8.net,PU16866761
